,Transaction ID,Date,Customer ID,Gender,Age,Product Category,Quantity,Price per Unit,Total Amount
0,408,2023-05-04,CUST452,Female,43,Electronics,1,30,59
1,769,2023-07-12,CUST497,Male,45,Clothing,1,285,82
2,389,2023-06-04,CUST130,Female,18,Clothing,4,45,514
3,23,2023-12-06,CUST786,Female,23,Clothing,1,518,493
4,621,2023-01-11,CUST524,Female,36,Clothing,1,296,1268
5,518,2023-01-25,CUST059,Female,57,Clothing,4,28,101
6,31,2023-12-05,CUST205,Male,32,Beauty,2,306,-19
7,784,2023-09-17,CUST340,Male,24,Beauty,1,39,425
8,694,2023-04-04,CUST363,Male,38,Electronics,1,291,929
9,478,2023-12-03,CUST528,Male,55,Clothing,3,298,60
10,123,2023-07-30,CUST098,Female,24,Clothing,2,500,4
11,129,2023-07-03,CUST923,Male,39,Electronics,1,509,39
12,195,2023-05-04,CUST229,Male,20,Clothing,4,42,53
13,199,2023-10-03,CUST343,Male,40,Beauty,3,496,23
14,955,2023-03-22,CUST173,Male,46,Clothing,3,35,44
15,912,2023-06-11,CUST518,Male,15,Clothing,4,300,88
16,289,2023-09-26,CUST757,Female,40,Electronics,1,43,109
17,440,2023-07-19,CUST456,Male,31,Clothing,1,22,772
18,243,2023-10-05,CUST510,Male,47,Beauty,1,15,16
19,793,2023-09-09,CUST812,Female,23,Beauty,3,32,34
20,692,2023-10-15,CUST818,Male,57,Beauty,2,42,118
21,127,2023-03-17,CUST967,Female,30,Clothing,2,18,1292
22,50,2023-02-26,CUST298,Male,45,Beauty,2,509,44
23,36,2023-07-16,CUST587,Male,24,Beauty,1,24,110
24,721,2023-08-02,CUST762,Female,20,Clothing,3,28,468
25,650,2023-08-12,CUST381,Male,48,Electronics,1,45,35
26,373,2023-02-25,CUST423,Male,42,Beauty,2,37,181
27,806,2023-11-23,CUST357,Male,42,Clothing,1,41,31
28,867,2023-09-24,CUST655,Male,21,Electronics,2,289,202
29,751,2023-08-26,CUST906,Male,58,Electronics,2,39,57
30,581,2023-05-04,CUST861,Male,54,Beauty,1,32,-3
31,780,2023-08-11,CUST783,Female,34,Beauty,1,488,183
32,522,2023-07-26,CUST107,Male,56,Electronics,2,47,1259
33,269,2023-10-24,CUST593,Female,47,Electronics,3,33,-20
34,546,2023-12-05,CUST906,Male,39,Electronics,2,34,-28
35,52,2023-04-28,CUST790,Male,37,Beauty,2,506,78
36,835,2023-04-11,CUST366,Male,55,Clothing,4,294,-11
37,494,2023-10-04,CUST428,Female,40,Electronics,4,35,449
38,833,2023-03-23,CUST052,Female,19,Clothing,4,47,123
39,769,2023-12-17,CUST379,Female,35,Electronics,2,50,147
40,338,2023-09-23,CUST185,Male,54,Clothing,3,44,1457
41,193,2023-02-11,CUST220,Male,40,Electronics,4,36,113
42,716,2023-05-10,CUST927,Male,42,Beauty,1,31,579
43,598,2023-12-10,CUST927,Female,18,Beauty,2,491,135
44,229,2023-12-04,CUST295,Male,54,Clothing,1,44,1587
45,316,2023-10-13,CUST188,Female,61,Clothing,1,522,909
46,814,2023-10-02,CUST312,Male,47,Clothing,1,33,1147
47,206,2023-07-22,CUST101,Female,27,Electronics,1,42,846
48,862,2023-07-31,CUST993,Female,47,Clothing,2,24,99
49,805,2023-12-26,CUST134,Female,21,Clothing,3,33,64
50,807,2023-10-01,CUST671,Female,26,Clothing,2,296,38
51,905,2023-09-04,CUST186,Male,56,Clothing,2,26,27
52,279,2023-11-17,CUST916,Female,53,Beauty,4,491,66
53,444,2023-04-21,CUST083,Male,59,Electronics,3,18,25
54,657,2023-04-12,CUST638,Female,19,Electronics,1,45,3
55,161,2023-08-17,CUST028,Female,58,Beauty,3,15,144
56,881,2023-10-29,CUST811,Male,60,Beauty,3,36,1464
57,575,2023-01-03,CUST435,Male,27,Beauty,2,31,36
58,301,2023-07-11,CUST432,Male,54,Beauty,1,22,1417
59,620,2023-03-07,CUST274,Female,30,Clothing,2,55,-33
60,614,2023-08-26,CUST789,Male,42,Beauty,2,44,9
61,276,2023-01-23,CUST620,Female,37,Beauty,3,37,458
62,735,2023-07-22,CUST239,Female,22,Electronics,3,53,72
63,374,2023-01-11,CUST531,Male,48,Electronics,4,295,107
64,985,2023-10-21,CUST068,Female,26,Electronics,4,34,16
65,232,2023-02-01,CUST350,Female,48,Clothing,1,487,378
66,732,2023-07-26,CUST267,Male,34,Beauty,4,319,5
67,461,2023-11-12,CUST809,Female,44,Electronics,1,26,53
68,83,2023-03-31,CUST739,Male,47,Electronics,1,274,62
69,814,2023-05-28,CUST631,Female,56,Clothing,1,280,29
70,744,2023-05-13,CUST083,Female,25,Beauty,4,30,-8
71,331,2023-11-13,CUST589,Male,18,Clothing,1,35,101
72,851,2023-10-20,CUST429,Female,55,Clothing,2,13,245
73,165,2023-05-16,CUST646,Female,24,Beauty,1,27,62
74,529,2023-07-05,CUST805,Female,39,Beauty,3,38,68
75,996,2023-06-10,CUST094,Male,58,Beauty,1,33,226
76,982,2023-12-13,CUST217,Female,24,Electronics,1,27,32
77,672,2023-06-17,CUST869,Female,22,Beauty,2,39,188
78,105,2023-09-19,CUST432,Male,25,Clothing,1,37,455
79,261,2023-09-17,CUST328,Female,58,Beauty,2,38,1630
80,693,2023-06-18,CUST258,Female,36,Clothing,2,14,465
81,149,2023-03-12,CUST120,Female,38,Beauty,2,296,45
82,167,2023-03-12,CUST852,Female,61,Beauty,2,279,1592
83,789,2023-05-20,CUST021,Female,19,Electronics,3,42,-6
84,441,2023-05-18,CUST895,Male,60,Electronics,2,32,362
85,696,2023-02-11,CUST186,Male,24,Clothing,3,35,48
86,813,2023-05-05,CUST654,Female,21,Clothing,2,32,34
87,601,2023-08-01,CUST428,Female,21,Beauty,2,498,13
88,509,2023-12-13,CUST283,Male,35,Beauty,3,38,287
89,394,2023-04-26,CUST160,Male,27,Electronics,3,43,-54
90,462,2023-06-22,CUST481,Male,32,Beauty,3,36,46
91,561,2023-05-09,CUST853,Female,43,Clothing,2,40,-9
92,147,2023-05-29,CUST032,Male,47,Electronics,2,24,18
93,183,2023-12-15,CUST868,Male,36,Clothing,2,22,588
94,233,2023-06-08,CUST441,Male,16,Electronics,3,315,94
95,321,2023-08-04,CUST819,Female,17,Beauty,2,11,1494
96,944,2023-06-29,CUST417,Female,36,Clothing,3,39,9
97,87,2023-05-22,CUST467,Male,29,Beauty,1,56,3
98,53,2023-10-25,CUST962,Male,44,Beauty,3,293,-9
99,106,2023-08-03,CUST724,Male,25,Beauty,4,48,1146
100,66,2023-02-14,CUST423,Female,19,Electronics,1,40,36
101,185,2023-11-12,CUST554,Male,40,Clothing,3,35,792
102,918,2023-01-04,CUST323,Female,43,Beauty,4,22,35
103,881,2023-06-04,CUST382,Female,54,Clothing,2,34,426
104,979,2023-03-21,CUST009,Female,21,Clothing,4,33,-25
105,547,2023-04-05,CUST748,Male,54,Electronics,2,31,144
106,409,2023-09-02,CUST534,Female,22,Clothing,2,26,-29
107,962,2023-06-12,CUST415,Female,53,Clothing,1,27,24
108,928,2023-03-09,CUST004,Male,40,Electronics,3,26,35
109,515,2023-07-04,CUST055,Female,42,Beauty,2,58,162
110,203,2023-05-14,CUST488,Female,23,Beauty,3,31,-3
111,244,2023-04-24,CUST911,Female,22,Beauty,1,12,23
112,450,2023-03-23,CUST856,Female,18,Electronics,3,29,958
113,84,2023-05-06,CUST940,Female,45,Clothing,2,39,0
114,891,2023-05-17,CUST787,Female,40,Beauty,2,481,871
115,800,2023-08-09,CUST285,Male,48,Clothing,2,17,16
116,337,2023-05-04,CUST594,Male,25,Clothing,2,47,52
117,390,2023-01-17,CUST503,Male,53,Beauty,2,37,786
118,800,2023-05-08,CUST373,Female,35,Electronics,4,54,922
119,996,2023-10-20,CUST024,Male,53,Clothing,1,18,1757
120,356,2023-05-23,CUST193,Male,23,Beauty,2,36,71
121,54,2023-02-10,CUST298,Female,18,Clothing,4,39,0
122,508,2023-06-21,CUST540,Male,44,Clothing,4,32,1445
123,917,2023-11-01,CUST094,Male,21,Clothing,2,47,816
124,242,2023-08-25,CUST141,Male,41,Beauty,1,43,1179
125,269,2023-05-10,CUST590,Male,31,Clothing,1,28,89
126,884,2023-12-09,CUST075,Male,21,Clothing,1,31,25
127,418,2023-02-05,CUST746,Male,35,Clothing,4,288,1406
128,999,2023-08-22,CUST835,Male,24,Clothing,4,304,752
129,209,2023-01-02,CUST080,Male,32,Beauty,1,37,-22
130,201,2023-11-26,CUST431,Male,57,Electronics,3,516,-4
131,152,2023-03-02,CUST463,Male,33,Clothing,1,35,23
132,868,2023-03-10,CUST352,Female,37,Electronics,2,36,449
133,261,2023-10-14,CUST161,Male,24,Electronics,2,303,552
134,980,2023-08-11,CUST591,Male,36,Clothing,4,463,102
135,876,2023-11-24,CUST292,Female,56,Beauty,1,32,116
136,349,2023-12-05,CUST775,Male,36,Electronics,3,53,846
137,739,2023-06-11,CUST564,Male,29,Clothing,1,523,110
138,276,2023-11-19,CUST184,Male,26,Clothing,3,35,66
139,579,2023-11-06,CUST732,Male,40,Electronics,2,33,502
140,104,2023-01-16,CUST340,Female,23,Beauty,2,39,69
141,33,2023-05-05,CUST149,Female,18,Clothing,2,36,1399
142,573,2023-02-19,CUST779,Female,57,Electronics,4,19,252
143,248,2023-11-19,CUST509,Female,28,Beauty,2,21,479
144,869,2023-11-10,CUST803,Male,51,Electronics,1,507,402
145,165,2023-01-15,CUST572,Female,50,Beauty,2,30,96
146,641,2023-03-19,CUST579,Male,44,Electronics,1,499,1212
147,456,2023-04-11,CUST905,Male,56,Beauty,2,302,960
148,102,2023-11-07,CUST884,Male,59,Electronics,1,43,17
149,78,2023-09-21,CUST450,Male,22,Beauty,1,293,410
150,688,2023-08-20,CUST262,Male,50,Electronics,4,496,31
151,881,2023-03-03,CUST865,Female,52,Beauty,1,291,205
152,250,2023-11-12,CUST691,Female,31,Electronics,1,29,17
153,836,2023-12-20,CUST581,Male,54,Beauty,3,299,-19
154,685,2023-07-09,CUST040,Male,38,Beauty,1,41,17
155,773,2023-05-11,CUST240,Female,30,Electronics,3,44,48
156,495,2023-05-27,CUST798,Male,43,Clothing,2,35,1159
157,765,2023-06-01,CUST818,Female,48,Clothing,3,28,105
158,451,2023-12-14,CUST422,Female,55,Clothing,4,33,13
159,726,2023-06-11,CUST942,Male,35,Beauty,1,29,453
160,559,2023-08-21,CUST449,Male,48,Electronics,3,298,-43
161,341,2023-11-22,CUST050,Female,57,Clothing,1,483,0
162,857,2023-09-26,CUST789,Male,26,Clothing,3,38,73
163,668,2023-03-09,CUST489,Female,45,Clothing,2,27,33
164,247,2023-09-24,CUST113,Male,19,Beauty,2,34,20
165,858,2023-02-11,CUST035,Female,47,Electronics,4,19,545
166,910,2023-07-23,CUST759,Female,37,Beauty,3,33,24
167,209,2023-06-19,CUST724,Female,44,Electronics,1,26,4
168,979,2024-01-01,CUST313,Female,22,Beauty,2,38,-12
169,412,2023-05-15,CUST881,Female,37,Clothing,3,47,-21
170,988,2023-04-01,CUST314,Female,27,Electronics,4,36,298
171,606,2023-03-28,CUST049,Female,50,Clothing,2,293,74
172,550,2023-09-16,CUST824,Female,55,Clothing,2,57,101
173,319,2023-04-01,CUST185,Female,35,Beauty,3,18,83
174,559,2023-09-01,CUST607,Male,53,Electronics,1,21,-18
175,871,2023-01-04,CUST339,Female,30,Beauty,1,49,610
176,55,2023-04-12,CUST295,Male,50,Electronics,3,529,41
177,245,2023-01-06,CUST073,Female,37,Beauty,2,30,861
178,738,2023-04-18,CUST746,Female,39,Beauty,2,21,764
179,421,2023-08-21,CUST311,Male,38,Electronics,1,32,-13
180,953,2023-10-04,CUST124,Male,21,Clothing,4,34,60
181,641,2023-05-14,CUST456,Male,21,Electronics,1,24,92
182,512,2023-03-05,CUST231,Male,38,Beauty,1,31,61
183,611,2023-10-08,CUST018,Male,63,Beauty,4,26,826
184,299,2023-06-11,CUST817,Female,43,Beauty,1,31,60
185,613,2023-07-22,CUST202,Male,28,Beauty,4,484,41
186,780,2023-01-14,CUST323,Female,42,Beauty,1,52,34
187,621,2023-04-30,CUST668,Male,45,Electronics,2,284,246
188,95,2023-06-05,CUST319,Male,38,Clothing,3,35,135
189,161,2023-04-23,CUST610,Male,44,Beauty,3,33,-7
190,145,2023-09-28,CUST818,Male,53,Electronics,2,39,102
191,284,2023-09-28,CUST857,Female,43,Beauty,3,48,73
192,218,2023-12-07,CUST889,Female,21,Beauty,1,44,989
193,477,2023-05-05,CUST265,Female,35,Clothing,4,29,65
194,361,2023-01-07,CUST687,Male,21,Electronics,1,32,30
195,345,2023-11-19,CUST549,Female,28,Clothing,2,25,91
196,750,2023-10-11,CUST529,Male,44,Clothing,2,48,65
197,41,2023-05-18,CUST752,Male,52,Beauty,4,512,905
198,535,2023-03-01,CUST993,Female,54,Electronics,3,46,-13
199,183,2023-06-23,CUST441,Male,21,Beauty,2,45,174
200,317,2023-11-17,CUST545,Male,40,Electronics,2,45,479
201,792,2023-04-10,CUST270,Male,56,Clothing,2,36,314
202,656,2023-08-03,CUST639,Male,53,Beauty,4,31,1061
203,427,2023-05-22,CUST625,Male,42,Electronics,1,309,1192
204,223,2023-06-16,CUST180,Female,41,Clothing,1,26,87
205,943,2023-04-16,CUST191,Male,19,Beauty,1,34,1492
206,471,2023-02-08,CUST775,Female,18,Electronics,2,52,38
207,447,2023-07-09,CUST397,Male,40,Electronics,1,499,495
208,278,2023-03-30,CUST146,Male,56,Electronics,2,43,59
209,435,2023-04-16,CUST881,Male,55,Beauty,1,479,3
210,400,2023-03-03,CUST305,Male,22,Beauty,3,50,861
211,204,2023-10-30,CUST391,Female,56,Beauty,1,38,62
212,415,2023-08-25,CUST222,Male,24,Beauty,3,43,1574
213,224,2023-04-08,CUST257,Female,54,Beauty,4,26,4
214,95,2023-12-25,CUST653,Female,55,Beauty,2,34,106
215,493,2023-12-13,CUST595,Male,56,Beauty,1,27,55
216,136,2023-10-29,CUST787,Male,23,Electronics,1,289,26
217,273,2023-02-22,CUST727,Female,40,Electronics,3,489,615
218,643,2023-09-23,CUST570,Female,60,Clothing,4,303,43
219,217,2023-02-04,CUST842,Female,42,Electronics,3,507,60
220,108,2023-10-04,CUST300,Female,38,Electronics,3,38,62
221,304,2023-12-20,CUST164,Male,37,Beauty,2,40,887
222,467,2023-03-17,CUST597,Male,21,Clothing,3,41,95
223,316,2023-11-28,CUST740,Male,35,Clothing,4,28,1436
224,564,2023-05-31,CUST063,Male,22,Beauty,4,37,1001
225,963,2023-03-21,CUST853,Female,37,Clothing,4,33,102
226,210,2023-09-25,CUST162,Male,58,Clothing,1,29,1587
227,139,2023-09-05,CUST858,Male,23,Beauty,2,67,220
228,832,2023-05-15,CUST121,Male,19,Beauty,2,44,47
229,604,2023-07-31,CUST051,Female,38,Beauty,1,40,108
230,879,2023-01-11,CUST686,Male,25,Clothing,3,40,73
231,816,2023-12-27,CUST026,Female,53,Beauty,4,524,51
232,579,2023-07-11,CUST210,Male,33,Clothing,3,37,-11
233,826,2023-03-21,CUST389,Male,26,Clothing,2,42,917
234,547,2023-08-20,CUST024,Female,35,Beauty,1,58,74
235,480,2023-06-06,CUST743,Female,40,Electronics,1,470,1597
236,982,2023-12-17,CUST794,Male,39,Beauty,2,36,-27
237,311,2023-04-11,CUST381,Female,48,Electronics,2,35,43
238,124,2023-06-25,CUST267,Female,21,Beauty,1,502,1103
239,480,2023-05-27,CUST100,Female,35,Electronics,3,46,72
240,257,2023-07-04,CUST889,Female,55,Electronics,2,20,63
241,860,2023-12-04,CUST498,Female,57,Clothing,1,480,24
242,533,2023-04-21,CUST375,Female,45,Beauty,2,20,110
243,660,2023-08-06,CUST013,Male,23,Clothing,2,42,14
244,61,2023-10-02,CUST534,Male,41,Clothing,1,301,29
245,468,2023-02-07,CUST998,Female,47,Beauty,3,298,1415
246,207,2023-09-10,CUST251,Female,30,Beauty,4,28,1565
247,632,2023-07-08,CUST579,Male,56,Clothing,4,47,80
248,546,2023-02-17,CUST613,Female,38,Beauty,3,42,84
249,781,2023-02-26,CUST983,Female,17,Electronics,4,503,1
250,121,2023-04-24,CUST179,Male,54,Clothing,3,33,1606
251,900,2023-09-24,CUST481,Male,26,Clothing,4,301,429
252,476,2023-09-07,CUST604,Female,14,Clothing,4,284,145
253,552,2023-06-18,CUST894,Female,43,Beauty,4,30,45
254,339,2023-09-16,CUST350,Female,59,Beauty,1,309,55
255,253,2023-03-01,CUST492,Female,15,Clothing,2,39,612
256,738,2023-09-21,CUST357,Male,33,Clothing,4,287,469
257,160,2023-01-08,CUST200,Male,29,Beauty,1,35,48
258,481,2023-06-04,CUST409,Female,23,Beauty,2,49,562
259,421,2023-06-07,CUST070,Female,28,Beauty,2,30,1333
260,711,2023-09-17,CUST287,Female,21,Clothing,1,293,74
261,739,2023-04-25,CUST337,Male,44,Clothing,1,31,121
262,549,2023-04-16,CUST262,Female,52,Electronics,3,42,124
263,479,2023-07-24,CUST108,Male,55,Beauty,4,41,1386
264,947,2023-01-15,CUST028,Male,23,Electronics,1,37,73
265,909,2023-02-08,CUST614,Male,45,Beauty,3,30,401
266,681,2023-10-29,CUST522,Male,39,Electronics,3,24,-14
267,837,2023-08-31,CUST049,Female,44,Clothing,4,36,107
268,752,2023-01-10,CUST491,Male,40,Electronics,3,38,40
269,956,2023-12-13,CUST329,Male,47,Clothing,4,52,1357
270,812,2023-01-29,CUST765,Male,29,Clothing,2,43,94
271,364,2023-08-12,CUST030,Female,46,Beauty,3,23,407
272,402,2023-10-02,CUST159,Male,59,Electronics,1,42,24
273,804,2023-05-24,CUST410,Male,57,Clothing,1,301,30
274,770,2023-04-12,CUST435,Female,57,Clothing,3,24,132
275,407,2023-01-13,CUST256,Male,15,Beauty,2,301,96
276,606,2023-04-06,CUST906,Female,23,Clothing,2,20,1005
277,782,2023-04-26,CUST200,Female,55,Electronics,2,49,1414
278,907,2023-12-28,CUST623,Male,35,Electronics,4,299,70
279,505,2023-02-16,CUST786,Female,41,Beauty,4,507,685
280,431,2023-08-28,CUST162,Female,17,Clothing,4,302,831
281,561,2023-11-06,CUST081,Male,46,Beauty,1,41,17
282,699,2023-07-14,CUST961,Male,18,Electronics,3,37,121
283,515,2023-12-21,CUST954,Male,58,Clothing,2,44,55
284,165,2023-04-08,CUST976,Female,56,Beauty,4,294,1082
285,66,2023-03-07,CUST467,Female,17,Beauty,3,23,117
286,495,2023-03-28,CUST597,Male,40,Beauty,1,37,50
287,644,2023-08-22,CUST805,Female,61,Electronics,2,22,59
288,740,2023-12-10,CUST559,Female,48,Clothing,2,507,160
289,63,2023-09-05,CUST400,Male,55,Clothing,1,35,28
290,773,2023-10-05,CUST948,Female,56,Beauty,2,31,1133
291,17,2023-03-26,CUST721,Male,27,Beauty,2,298,-37
292,417,2023-06-16,CUST332,Male,53,Beauty,4,39,199
293,137,2023-08-21,CUST084,Female,49,Electronics,2,496,477
294,23,2023-08-20,CUST416,Male,26,Clothing,1,31,806
295,473,2023-08-27,CUST626,Male,55,Clothing,1,37,-37
296,701,2023-07-16,CUST736,Male,58,Electronics,2,15,935
297,934,2023-09-30,CUST504,Male,56,Clothing,2,321,-16
298,34,2023-07-01,CUST973,Male,42,Clothing,2,36,770
299,938,2023-08-22,CUST184,Female,16,Electronics,3,54,2
300,907,2023-11-15,CUST283,Female,33,Clothing,1,307,-29
301,530,2023-07-11,CUST517,Male,29,Electronics,3,31,846
302,489,2023-07-01,CUST923,Male,36,Electronics,3,35,3
303,446,2023-06-11,CUST560,Female,26,Clothing,3,331,181
304,13,2023-07-28,CUST730,Male,19,Electronics,2,288,11
305,896,2023-03-19,CUST413,Male,37,Clothing,3,37,12
306,889,2023-06-03,CUST306,Female,56,Electronics,4,493,1298
307,112,2023-01-28,CUST157,Female,20,Beauty,2,33,-7
308,517,2023-10-23,CUST233,Male,44,Electronics,4,25,57
309,77,2023-06-08,CUST253,Female,37,Electronics,3,481,1439
310,494,2023-07-30,CUST974,Male,50,Beauty,2,18,104
311,587,2023-02-17,CUST582,Male,37,Electronics,1,28,586
312,144,2023-11-10,CUST996,Male,18,Clothing,3,44,36
313,576,2023-10-09,CUST428,Female,19,Beauty,1,291,89
314,396,2023-03-19,CUST405,Female,45,Clothing,1,40,70
315,376,2023-04-22,CUST336,Female,33,Electronics,1,32,1061
316,394,2023-01-28,CUST136,Female,52,Beauty,3,300,1354
317,550,2023-09-08,CUST217,Male,25,Clothing,1,28,68
318,202,2023-02-19,CUST900,Male,37,Electronics,1,25,101
319,693,2023-10-25,CUST586,Male,24,Clothing,1,18,47
320,702,2023-06-20,CUST538,Male,41,Clothing,1,31,1476
321,162,2023-08-21,CUST918,Female,46,Electronics,1,480,151
322,658,2023-05-13,CUST185,Male,24,Electronics,3,496,52
323,282,2023-11-20,CUST675,Female,29,Electronics,4,38,785
324,42,2023-06-24,CUST309,Female,17,Clothing,1,30,128
325,615,2023-08-04,CUST186,Male,35,Beauty,2,296,19
326,400,2023-03-24,CUST354,Female,37,Clothing,3,18,-29
327,985,2023-05-26,CUST359,Female,51,Beauty,4,21,1363
328,928,2023-08-28,CUST468,Female,38,Clothing,4,27,83
329,899,2023-04-29,CUST990,Female,46,Beauty,3,29,23
330,644,2023-09-25,CUST026,Female,49,Beauty,2,309,397
331,551,2023-07-13,CUST393,Male,23,Clothing,2,511,111
332,15,2023-03-09,CUST222,Female,22,Clothing,2,25,79
333,581,2023-11-24,CUST120,Male,52,Electronics,4,36,261
334,873,2023-11-25,CUST561,Male,55,Clothing,4,489,67
335,207,2023-06-26,CUST819,Female,41,Beauty,3,47,114
336,187,2023-10-09,CUST346,Male,23,Clothing,2,44,133
337,115,2023-01-21,CUST511,Male,23,Clothing,3,45,46
338,942,2023-03-17,CUST904,Male,54,Beauty,1,41,869
339,966,2023-02-17,CUST368,Female,34,Electronics,4,292,965
340,996,2023-07-27,CUST503,Male,43,Beauty,3,18,456
341,22,2023-10-24,CUST943,Female,53,Beauty,1,45,64
342,12,2023-01-06,CUST222,Female,36,Beauty,3,31,427
343,605,2023-08-02,CUST760,Male,31,Electronics,1,53,1096
344,975,2023-10-02,CUST430,Male,39,Beauty,4,45,210
345,493,2023-02-06,CUST142,Female,43,Beauty,1,514,74
346,48,2023-12-23,CUST600,Female,20,Beauty,1,36,0
347,272,2023-10-20,CUST312,Female,54,Beauty,1,474,44
348,658,2023-12-05,CUST102,Female,37,Clothing,2,294,1773
349,613,2023-01-27,CUST779,Female,43,Electronics,3,30,28
350,652,2023-10-22,CUST981,Male,39,Beauty,2,477,38
351,972,2023-09-28,CUST552,Male,19,Clothing,1,45,79
352,172,2023-04-01,CUST952,Female,38,Beauty,3,38,87
353,190,2023-02-21,CUST928,Male,29,Clothing,2,48,535
354,851,2023-06-30,CUST074,Male,38,Beauty,2,298,-17
355,59,2023-08-08,CUST916,Male,52,Beauty,1,42,11
356,281,2023-08-26,CUST829,Male,22,Clothing,1,28,52
357,548,2023-12-17,CUST746,Female,61,Electronics,1,29,399
358,813,2023-02-20,CUST237,Female,25,Electronics,3,13,1368
359,782,2023-10-14,CUST565,Male,53,Beauty,3,38,21
360,733,2023-08-28,CUST504,Female,24,Beauty,3,41,836
361,879,2023-01-11,CUST680,Female,53,Clothing,1,306,23
362,907,2023-01-22,CUST706,Female,43,Electronics,3,33,510
363,769,2023-05-05,CUST369,Female,48,Clothing,2,50,503
364,594,2023-01-08,CUST616,Male,17,Electronics,3,30,1099
365,824,2023-06-28,CUST875,Male,40,Beauty,1,45,817
366,891,2023-08-13,CUST478,Female,51,Electronics,4,33,30
367,784,2023-04-01,CUST054,Female,22,Beauty,2,297,14
368,788,2023-01-15,CUST830,Male,47,Beauty,2,25,890
369,874,2023-06-08,CUST945,Female,20,Beauty,4,304,950
370,396,2023-07-28,CUST260,Male,53,Beauty,2,22,50
371,174,2023-04-11,CUST255,Male,23,Electronics,1,48,41
372,759,2023-09-29,CUST262,Male,44,Clothing,4,301,55
373,871,2023-10-15,CUST992,Female,37,Electronics,3,39,1192
374,282,2023-10-07,CUST485,Female,29,Clothing,4,44,960
375,325,2023-09-11,CUST934,Male,53,Clothing,3,36,1514
376,546,2023-05-07,CUST1000,Male,58,Electronics,4,31,67
377,712,2023-02-22,CUST163,Male,49,Clothing,3,46,85
378,767,2023-10-22,CUST917,Female,53,Beauty,1,30,-12
379,823,2023-04-06,CUST836,Male,50,Beauty,2,50,-28
380,921,2023-05-15,CUST072,Male,50,Beauty,3,39,-31
381,46,2023-04-20,CUST835,Female,41,Beauty,3,297,976
382,337,2023-11-02,CUST561,Female,21,Beauty,4,48,61
383,220,2023-04-26,CUST653,Female,53,Electronics,4,46,93
384,77,2023-09-28,CUST641,Male,20,Clothing,3,31,29
385,551,2023-05-04,CUST509,Female,60,Electronics,1,302,161
386,358,2023-07-05,CUST287,Male,54,Electronics,1,35,50
387,273,2023-05-13,CUST480,Female,21,Clothing,1,33,40
388,374,2023-07-26,CUST679,Female,24,Clothing,2,291,-3
389,4,2023-03-21,CUST260,Male,57,Electronics,2,30,99
390,70,2023-08-17,CUST319,Male,42,Electronics,2,40,20
391,909,2023-04-22,CUST682,Male,34,Beauty,2,28,81
392,385,2023-09-02,CUST067,Female,54,Beauty,3,25,505
393,645,2023-08-20,CUST358,Male,51,Beauty,4,517,50
394,524,2023-01-08,CUST125,Female,38,Clothing,1,307,40
395,572,2023-06-03,CUST761,Female,24,Clothing,1,42,37
396,88,2023-09-02,CUST169,Female,33,Beauty,4,16,2041
397,237,2023-04-30,CUST875,Female,35,Clothing,4,508,22
398,613,2023-05-08,CUST586,Male,46,Beauty,1,22,43
399,995,2023-07-19,CUST895,Female,43,Clothing,1,53,975
400,193,2023-12-08,CUST819,Female,47,Clothing,1,493,-41
401,324,2023-01-10,CUST880,Female,58,Clothing,3,20,1241
402,310,2023-12-07,CUST861,Male,24,Beauty,2,33,110
403,188,2023-02-01,CUST169,Male,51,Clothing,4,17,31
404,389,2023-06-10,CUST645,Female,52,Clothing,1,31,-13
405,997,2023-03-20,CUST070,Female,32,Beauty,4,37,6
406,593,2023-04-22,CUST875,Male,34,Clothing,1,514,6
407,211,2023-02-13,CUST574,Male,30,Electronics,1,34,1117
408,509,2023-12-08,CUST800,Female,37,Electronics,2,299,1123
409,454,2023-04-22,CUST906,Male,56,Clothing,3,14,1
410,54,2023-09-03,CUST439,Male,55,Beauty,4,42,154
411,850,2023-10-27,CUST480,Male,54,Beauty,1,50,48
412,755,2023-04-10,CUST688,Male,52,Electronics,1,34,10
413,769,2023-10-09,CUST505,Female,51,Electronics,2,37,30
414,504,2023-03-10,CUST624,Male,53,Beauty,2,313,834
415,503,2023-05-31,CUST737,Male,57,Clothing,3,44,29
416,13,2023-08-26,CUST927,Male,28,Beauty,2,34,546
417,883,2023-08-18,CUST289,Female,46,Clothing,2,487,130
418,356,2023-04-17,CUST322,Female,33,Beauty,2,49,2
419,818,2023-10-21,CUST076,Male,38,Clothing,3,24,12
420,327,2023-01-07,CUST313,Female,23,Clothing,2,38,876
421,852,2023-08-28,CUST340,Male,17,Beauty,3,28,-9
422,900,2023-07-26,CUST148,Female,43,Electronics,1,303,74
423,173,2023-02-13,CUST279,Female,36,Electronics,2,38,1608
424,640,2023-12-29,CUST284,Female,45,Electronics,1,50,-32
425,51,2023-09-29,CUST827,Female,60,Electronics,4,40,95
426,544,2023-10-10,CUST004,Male,36,Beauty,2,38,4
427,842,2023-05-27,CUST222,Female,59,Clothing,3,36,23
428,120,2023-05-28,CUST655,Female,24,Beauty,3,32,1488
429,163,2023-04-10,CUST972,Male,32,Electronics,2,35,840
430,37,2023-02-05,CUST574,Female,45,Beauty,1,499,-9
431,335,2023-08-24,CUST542,Male,39,Clothing,2,33,33
432,821,2023-09-28,CUST308,Female,17,Clothing,1,20,90
433,294,2023-04-02,CUST158,Male,33,Beauty,4,27,-16
434,708,2023-03-22,CUST874,Male,53,Clothing,3,30,204
435,483,2023-11-08,CUST349,Male,59,Beauty,4,36,-20
436,338,2023-07-11,CUST033,Female,28,Clothing,3,286,1210
437,624,2023-02-13,CUST699,Male,57,Beauty,4,62,58
438,857,2023-11-07,CUST195,Female,49,Clothing,1,48,15
439,438,2023-06-02,CUST986,Male,55,Electronics,3,491,38
440,86,2023-11-15,CUST936,Female,19,Electronics,3,308,918
441,80,2023-01-20,CUST995,Female,46,Clothing,2,34,1168
442,961,2023-06-19,CUST883,Male,39,Beauty,3,39,542
443,877,2023-04-11,CUST789,Female,42,Clothing,4,25,485
444,335,2023-01-07,CUST988,Male,27,Clothing,3,490,1268
445,601,2023-04-01,CUST869,Female,15,Electronics,3,46,7
446,873,2023-06-04,CUST321,Male,20,Beauty,4,45,55
447,975,2023-06-19,CUST925,Female,59,Clothing,1,16,497
448,593,2023-02-12,CUST383,Male,29,Beauty,1,490,120
449,24,2023-12-16,CUST592,Male,27,Clothing,1,41,33
450,116,2023-05-04,CUST490,Female,41,Clothing,4,37,109
451,28,2023-11-06,CUST417,Male,26,Electronics,1,301,89
452,382,2023-05-08,CUST488,Male,22,Beauty,1,520,496
453,658,2023-03-07,CUST419,Male,23,Electronics,1,489,36
454,511,2023-08-19,CUST014,Female,20,Electronics,2,50,12
455,415,2023-09-08,CUST687,Female,56,Clothing,3,37,74
456,388,2023-03-18,CUST169,Male,54,Electronics,1,300,27
457,820,2023-12-19,CUST395,Female,18,Clothing,2,13,915
458,698,2023-11-01,CUST937,Male,52,Electronics,1,27,21
459,550,2023-06-08,CUST347,Female,18,Clothing,3,22,909
460,537,2023-07-25,CUST964,Female,29,Clothing,2,28,12
461,863,2023-06-06,CUST312,Male,19,Beauty,3,42,21
462,951,2023-11-10,CUST269,Male,45,Beauty,4,28,528
463,368,2023-06-10,CUST902,Female,22,Electronics,1,502,537
464,410,2023-05-10,CUST254,Female,18,Beauty,3,41,154
465,787,2023-06-24,CUST992,Male,25,Clothing,3,38,90
466,895,2023-05-06,CUST048,Female,51,Clothing,1,33,521
467,816,2023-10-29,CUST949,Female,40,Clothing,3,55,986
468,705,2023-12-02,CUST029,Female,39,Clothing,1,14,1009
469,32,2023-07-30,CUST511,Female,62,Clothing,2,302,31
470,711,2023-04-16,CUST964,Male,16,Clothing,1,26,36
471,41,2023-04-29,CUST423,Male,43,Clothing,2,22,912
472,162,2023-03-29,CUST130,Male,58,Clothing,3,485,47
473,879,2023-12-14,CUST770,Female,52,Clothing,1,28,81
474,524,2023-08-09,CUST943,Female,16,Beauty,2,295,22
475,863,2023-08-28,CUST822,Female,48,Beauty,1,26,4
476,712,2023-11-27,CUST839,Female,44,Electronics,2,493,60
477,982,2023-03-11,CUST142,Female,56,Clothing,3,42,8
478,231,2023-11-22,CUST648,Female,36,Electronics,2,294,799
479,165,2023-07-16,CUST876,Female,47,Beauty,2,33,944
480,109,2023-02-06,CUST920,Female,41,Beauty,1,21,87
481,320,2023-03-18,CUST653,Male,51,Electronics,4,39,111
482,59,2023-12-05,CUST483,Male,52,Electronics,2,523,76
483,361,2023-08-25,CUST970,Male,55,Clothing,4,41,25
484,164,2023-08-13,CUST099,Female,19,Electronics,3,29,441
485,356,2023-09-04,CUST508,Female,41,Beauty,1,46,43
486,78,2023-01-26,CUST362,Male,52,Beauty,2,44,127
487,84,2023-10-27,CUST147,Male,38,Clothing,1,310,437
488,81,2023-05-05,CUST631,Female,54,Clothing,2,25,64
489,879,2023-05-16,CUST709,Female,24,Beauty,3,32,37
490,292,2023-03-19,CUST932,Male,38,Clothing,3,50,71
491,909,2023-11-18,CUST112,Male,41,Beauty,1,22,90
492,113,2023-10-04,CUST670,Male,55,Electronics,1,19,51
493,43,2023-01-09,CUST092,Female,53,Clothing,2,300,79
494,763,2023-08-04,CUST507,Female,25,Electronics,2,519,15
495,880,2023-09-24,CUST781,Male,51,Beauty,2,51,25
496,887,2023-10-24,CUST499,Female,37,Clothing,2,42,98
497,685,2023-05-03,CUST265,Female,22,Beauty,1,30,1244
498,558,2023-07-09,CUST202,Female,62,Electronics,1,298,14
499,407,2023-06-28,CUST865,Male,57,Electronics,1,45,155
500,354,2023-01-10,CUST607,Male,41,Clothing,3,479,5
501,707,2023-10-06,CUST540,Male,52,Beauty,2,28,51
502,23,2023-12-16,CUST768,Female,58,Beauty,2,41,2
503,401,2023-07-24,CUST057,Female,44,Clothing,3,28,994
504,912,2023-05-03,CUST553,Male,36,Beauty,2,25,53
505,584,2023-07-23,CUST255,Female,36,Beauty,4,32,107
506,682,2023-04-10,CUST528,Female,47,Clothing,2,497,29
507,72,2023-03-25,CUST038,Male,49,Clothing,2,34,69
508,94,2023-05-16,CUST944,Male,44,Beauty,1,286,102
509,864,2023-07-22,CUST340,Female,57,Clothing,1,285,1683
510,124,2023-04-26,CUST773,Female,22,Clothing,1,27,119
511,164,2023-10-05,CUST916,Male,28,Electronics,1,36,71
512,183,2023-05-20,CUST246,Male,54,Clothing,2,37,-17
513,851,2023-01-02,CUST812,Female,58,Beauty,2,30,65
514,476,2023-06-14,CUST463,Male,20,Clothing,3,56,488
515,857,2023-07-15,CUST376,Male,31,Electronics,3,40,39
516,829,2023-10-21,CUST429,Male,38,Clothing,3,22,1583
517,397,2023-05-10,CUST267,Female,48,Beauty,2,36,52
518,832,2023-01-28,CUST385,Female,42,Clothing,4,34,454
519,416,2023-02-10,CUST758,Male,48,Beauty,2,297,126
520,957,2023-07-17,CUST002,Female,57,Clothing,4,43,391
521,340,2023-08-22,CUST724,Male,39,Beauty,1,41,89
522,659,2023-06-23,CUST020,Female,21,Clothing,2,280,56
523,43,2023-11-15,CUST848,Male,25,Beauty,2,52,498
524,212,2023-10-19,CUST985,Female,34,Beauty,2,474,916
525,84,2023-09-16,CUST287,Male,23,Clothing,1,29,45
526,287,2023-06-26,CUST178,Male,38,Electronics,4,21,1792
527,594,2023-09-21,CUST962,Male,58,Electronics,3,42,47
528,412,2023-01-17,CUST720,Male,44,Electronics,1,25,835
529,343,2023-01-13,CUST685,Male,45,Beauty,1,43,54
530,268,2023-07-27,CUST320,Male,51,Beauty,2,24,1286
531,768,2023-12-18,CUST852,Male,55,Beauty,1,36,66
532,808,2023-09-13,CUST294,Male,37,Electronics,1,12,-6
533,187,2023-04-13,CUST806,Male,22,Electronics,1,28,51
534,397,2023-12-29,CUST990,Female,58,Beauty,1,447,40
535,530,2023-10-29,CUST726,Female,42,Electronics,1,18,93
536,384,2023-06-12,CUST975,Male,25,Clothing,3,51,1322
537,546,2023-08-07,CUST514,Male,34,Beauty,2,46,717
538,115,2023-12-28,CUST724,Female,40,Beauty,3,44,2
539,388,2023-08-17,CUST939,Female,21,Clothing,2,302,43
540,448,2023-11-10,CUST944,Male,26,Clothing,3,24,508
541,896,2023-12-10,CUST827,Male,23,Beauty,2,54,455
542,494,2023-12-28,CUST101,Female,35,Electronics,3,19,986
543,682,2023-07-30,CUST919,Female,27,Clothing,4,292,1333
544,658,2023-10-13,CUST494,Male,17,Electronics,2,18,61
545,766,2023-06-11,CUST698,Male,17,Clothing,1,292,1680
546,409,2023-03-12,CUST955,Male,17,Beauty,1,31,1385
547,978,2023-06-21,CUST608,Female,34,Electronics,2,52,536
548,975,2023-07-17,CUST315,Male,58,Electronics,4,298,83
549,409,2023-09-23,CUST502,Female,37,Electronics,1,35,43
550,786,2023-06-01,CUST272,Female,21,Clothing,3,301,42
551,528,2023-08-08,CUST479,Male,25,Electronics,2,36,900
552,392,2023-08-05,CUST058,Female,34,Clothing,2,59,37
553,962,2023-07-28,CUST484,Female,47,Clothing,2,314,38
554,484,2023-09-29,CUST729,Male,18,Beauty,1,33,25
555,123,2023-10-19,CUST199,Female,23,Clothing,2,38,106
556,969,2023-12-08,CUST143,Male,62,Beauty,2,20,1124
557,250,2023-11-01,CUST180,Male,58,Electronics,3,34,61
558,349,2023-02-21,CUST499,Female,56,Electronics,1,40,35
559,818,2023-05-28,CUST984,Male,53,Clothing,2,43,918
560,97,2023-06-11,CUST207,Female,48,Clothing,1,296,56
561,590,2023-08-29,CUST100,Male,19,Electronics,1,309,426
562,185,2023-01-10,CUST360,Female,47,Electronics,3,296,27
563,895,2023-11-03,CUST941,Male,23,Electronics,4,52,9
564,51,2023-01-22,CUST451,Female,52,Beauty,2,33,63
565,244,2023-11-04,CUST797,Male,32,Clothing,1,23,13
566,861,2023-01-26,CUST501,Female,56,Clothing,4,277,74
567,70,2023-04-28,CUST194,Female,22,Beauty,3,23,49
568,746,2023-01-11,CUST578,Male,23,Beauty,3,42,1033
569,639,2023-08-02,CUST394,Male,35,Beauty,1,33,536
570,630,2024-01-01,CUST270,Male,28,Clothing,2,8,23
571,817,2023-09-18,CUST734,Male,41,Electronics,1,29,129
572,816,2023-12-15,CUST333,Female,41,Clothing,1,317,1048
573,633,2023-04-11,CUST231,Male,15,Beauty,3,480,98
574,710,2023-05-17,CUST335,Male,41,Beauty,2,14,1220
575,171,2023-05-27,CUST312,Male,50,Clothing,2,47,409
576,656,2023-07-14,CUST476,Female,41,Beauty,3,516,140
577,365,2023-08-05,CUST782,Male,30,Clothing,2,58,214
578,341,2023-07-31,CUST597,Male,24,Clothing,3,48,802
579,896,2023-01-02,CUST274,Female,53,Clothing,1,37,207
580,102,2023-12-24,CUST197,Male,19,Clothing,2,35,915
581,794,2023-09-21,CUST655,Male,41,Clothing,1,311,357
582,117,2023-09-19,CUST493,Male,20,Beauty,1,45,1599
583,957,2023-08-02,CUST596,Female,34,Electronics,1,53,1362
584,821,2023-12-09,CUST074,Male,40,Beauty,3,58,52
585,178,2023-05-16,CUST669,Female,39,Electronics,1,496,-14
586,705,2023-09-16,CUST496,Male,52,Electronics,3,29,52
587,998,2023-08-29,CUST992,Male,23,Beauty,3,39,27
588,459,2023-03-07,CUST492,Female,42,Electronics,1,25,61
589,836,2023-02-03,CUST744,Male,21,Clothing,2,58,970
590,610,2023-08-19,CUST852,Male,40,Electronics,4,6,77
591,697,2023-03-26,CUST143,Male,55,Electronics,4,21,26
592,128,2023-01-17,CUST291,Female,39,Clothing,1,491,159
593,330,2023-10-02,CUST600,Female,36,Clothing,1,39,59
594,850,2023-08-31,CUST998,Male,40,Beauty,1,308,52
595,10,2023-01-29,CUST457,Male,57,Clothing,2,26,99
596,239,2023-09-01,CUST688,Female,65,Beauty,1,41,1101
597,456,2023-04-05,CUST585,Female,42,Beauty,1,32,49
598,677,2023-01-04,CUST893,Male,33,Beauty,2,54,813
599,654,2023-11-22,CUST026,Male,32,Beauty,4,35,924
600,389,2023-05-14,CUST265,Male,21,Beauty,2,39,487
601,927,2023-08-18,CUST383,Male,33,Beauty,2,40,-4
602,661,2023-07-22,CUST803,Male,41,Beauty,2,45,0
603,647,2023-11-10,CUST611,Male,56,Clothing,2,43,487
604,874,2023-03-19,CUST647,Male,58,Electronics,1,40,405
605,789,2023-02-19,CUST272,Male,23,Beauty,2,39,1063
606,108,2024-01-01,CUST060,Male,19,Electronics,1,491,1341
607,419,2023-06-28,CUST348,Male,43,Electronics,3,33,25
608,963,2023-03-01,CUST755,Male,32,Electronics,1,476,23
609,341,2023-12-05,CUST795,Male,41,Clothing,4,41,899
610,915,2023-07-04,CUST486,Male,55,Clothing,1,307,287
611,461,2023-07-28,CUST130,Female,24,Beauty,3,498,10
612,300,2023-06-19,CUST001,Female,58,Electronics,2,27,16
613,222,2023-08-12,CUST837,Male,39,Clothing,2,31,479
614,695,2023-06-19,CUST880,Female,31,Beauty,2,296,75
615,432,2023-03-13,CUST524,Male,50,Clothing,2,19,1346
616,21,2023-08-13,CUST515,Female,53,Electronics,1,24,32
617,997,2023-06-23,CUST885,Male,25,Electronics,3,39,1006
618,850,2023-09-17,CUST558,Male,19,Beauty,3,41,44
619,390,2023-10-15,CUST283,Female,55,Beauty,4,43,5
620,153,2023-05-26,CUST035,Male,17,Electronics,2,58,65
621,34,2023-03-20,CUST130,Female,35,Clothing,4,27,738
622,985,2023-08-23,CUST387,Female,42,Beauty,2,22,114
623,644,2023-12-12,CUST682,Female,56,Beauty,3,519,78
624,923,2023-12-10,CUST788,Female,32,Electronics,2,22,1518
625,171,2023-10-18,CUST876,Male,26,Electronics,2,17,101
626,797,2023-06-02,CUST963,Female,44,Electronics,2,296,57
627,653,2023-09-14,CUST567,Female,16,Clothing,3,486,47
628,593,2023-05-16,CUST138,Female,38,Electronics,4,34,711
629,851,2023-12-21,CUST751,Female,29,Clothing,1,41,14
630,516,2023-03-20,CUST772,Male,44,Electronics,1,487,91
631,868,2023-12-23,CUST116,Female,39,Clothing,1,470,87
632,136,2023-05-04,CUST957,Male,44,Beauty,2,45,7
633,370,2023-01-11,CUST522,Female,19,Electronics,2,23,-36
634,843,2023-09-25,CUST329,Female,51,Beauty,1,32,1225
635,819,2023-09-26,CUST127,Female,42,Electronics,4,40,91
636,452,2023-08-27,CUST521,Female,24,Electronics,3,46,20
637,960,2023-04-19,CUST238,Female,57,Clothing,4,22,-23
638,363,2023-02-01,CUST127,Female,59,Beauty,3,30,483
639,159,2023-02-25,CUST612,Female,32,Beauty,4,52,17
640,697,2023-05-07,CUST127,Female,20,Beauty,4,27,1182
641,37,2023-11-10,CUST536,Male,42,Beauty,1,38,87
642,358,2023-10-03,CUST450,Female,21,Electronics,2,49,-24
643,857,2023-10-13,CUST668,Male,36,Clothing,3,36,-16
644,121,2023-12-03,CUST273,Female,37,Beauty,3,24,105
645,376,2023-10-04,CUST679,Female,38,Electronics,4,36,488
646,864,2023-06-29,CUST780,Male,36,Clothing,2,36,68
647,54,2023-05-14,CUST977,Male,19,Electronics,1,24,5
648,476,2023-11-10,CUST396,Male,52,Beauty,3,37,1815
649,196,2023-08-26,CUST527,Male,29,Electronics,4,43,77
650,414,2023-02-22,CUST158,Male,34,Beauty,2,36,801
651,464,2023-04-22,CUST053,Female,22,Electronics,2,49,70
652,717,2023-03-01,CUST070,Female,61,Beauty,2,50,1451
653,675,2023-05-20,CUST635,Male,39,Electronics,1,47,961
654,52,2023-05-04,CUST158,Male,55,Beauty,1,39,26
655,567,2023-07-17,CUST432,Female,41,Electronics,4,36,54
656,389,2023-01-15,CUST158,Male,26,Beauty,3,30,1847
657,639,2023-11-27,CUST521,Male,24,Beauty,1,24,32
658,784,2023-06-23,CUST976,Female,24,Electronics,1,43,885
659,98,2023-09-22,CUST545,Female,24,Beauty,2,486,1123
660,790,2023-07-11,CUST283,Male,22,Electronics,1,35,41
661,108,2023-06-02,CUST720,Male,46,Clothing,1,43,995
662,835,2023-11-02,CUST452,Female,25,Beauty,3,462,62
663,290,2023-01-16,CUST903,Female,23,Clothing,2,56,94
664,796,2023-10-12,CUST075,Male,16,Clothing,3,33,87
665,241,2023-10-03,CUST253,Male,22,Clothing,4,23,11
666,580,2023-05-23,CUST467,Female,46,Electronics,1,32,-9
667,809,2023-06-18,CUST554,Male,28,Beauty,2,46,513
668,810,2023-07-14,CUST637,Female,48,Beauty,1,40,450
669,851,2023-03-17,CUST631,Male,24,Clothing,1,289,41
670,496,2023-06-15,CUST804,Female,54,Clothing,2,50,496
671,1,2023-04-02,CUST252,Male,40,Beauty,2,25,86
672,602,2023-11-01,CUST048,Female,59,Electronics,2,39,-40
673,53,2023-09-01,CUST783,Female,24,Clothing,1,33,36
674,837,2023-01-22,CUST136,Female,53,Clothing,3,45,573
675,716,2023-05-22,CUST461,Male,22,Electronics,1,22,1012
676,947,2023-11-17,CUST871,Male,31,Beauty,2,41,232
677,400,2023-08-22,CUST276,Female,23,Beauty,2,44,189
678,130,2023-08-03,CUST549,Female,18,Clothing,1,302,-40
679,6,2023-01-06,CUST656,Male,51,Clothing,1,516,1262
680,427,2023-03-03,CUST933,Female,59,Electronics,2,38,504
681,454,2023-03-22,CUST654,Male,36,Beauty,4,27,67
682,770,2023-05-05,CUST034,Female,39,Electronics,2,53,-9
683,305,2023-12-19,CUST281,Female,53,Beauty,4,24,28
684,540,2023-06-05,CUST807,Male,27,Beauty,2,17,39
685,724,2023-12-28,CUST038,Female,25,Beauty,2,38,46
686,308,2023-08-09,CUST348,Female,23,Electronics,3,38,1558
687,862,2023-03-30,CUST323,Female,49,Beauty,4,40,11
688,332,2023-01-08,CUST941,Male,39,Beauty,4,23,840
689,403,2023-07-26,CUST158,Female,50,Beauty,4,31,123
690,457,2023-09-07,CUST881,Female,22,Beauty,1,40,99
691,819,2023-12-26,CUST264,Male,39,Clothing,2,519,115
692,61,2023-11-16,CUST774,Female,28,Beauty,2,49,31
693,51,2023-06-21,CUST984,Male,55,Beauty,4,42,-2
694,75,2023-04-09,CUST135,Female,41,Clothing,4,493,44
695,70,2023-12-16,CUST335,Female,40,Clothing,4,34,547
696,217,2023-03-19,CUST444,Male,56,Clothing,1,35,27
697,165,2023-09-19,CUST495,Female,45,Clothing,4,30,1577
698,405,2023-01-05,CUST653,Male,24,Clothing,2,523,1398
699,738,2023-12-26,CUST740,Male,51,Electronics,2,38,77
700,484,2023-04-20,CUST893,Male,55,Beauty,2,308,117
701,297,2023-03-17,CUST457,Male,19,Electronics,4,38,1189
702,510,2023-04-13,CUST084,Male,48,Beauty,3,16,7
703,987,2023-06-15,CUST079,Male,58,Electronics,4,489,947
704,831,2023-05-05,CUST078,Male,24,Clothing,1,30,1431
705,730,2023-05-09,CUST922,Male,53,Electronics,3,488,106
706,923,2023-05-15,CUST106,Female,28,Beauty,3,37,29
707,626,2023-11-27,CUST852,Female,18,Clothing,1,32,76
708,577,2023-12-12,CUST629,Female,18,Beauty,2,24,839
709,626,2023-11-14,CUST550,Male,18,Clothing,4,32,342
710,741,2023-09-15,CUST341,Female,38,Electronics,1,37,-6
711,742,2023-01-02,CUST091,Male,28,Clothing,1,528,152
712,829,2023-05-15,CUST377,Female,37,Electronics,3,297,51
713,182,2023-10-06,CUST684,Female,39,Beauty,1,43,436
714,569,2023-02-23,CUST430,Male,42,Beauty,4,289,-40
715,910,2023-09-28,CUST570,Female,27,Electronics,1,34,74
716,649,2023-04-16,CUST337,Male,59,Electronics,3,290,56
717,383,2023-10-04,CUST331,Female,24,Electronics,4,473,96
718,740,2023-10-08,CUST535,Male,47,Clothing,2,29,1100
719,83,2023-10-14,CUST435,Male,32,Beauty,2,35,1267
720,410,2023-11-01,CUST527,Female,43,Electronics,3,45,-31
721,187,2023-07-01,CUST378,Female,40,Beauty,1,38,42
722,242,2023-10-19,CUST646,Male,61,Electronics,2,34,1395
723,814,2023-01-21,CUST350,Female,21,Electronics,1,55,1395
724,678,2023-01-16,CUST454,Male,36,Beauty,3,36,407
725,659,2023-08-03,CUST275,Female,44,Beauty,3,36,604
726,576,2023-07-05,CUST179,Female,31,Beauty,2,41,72
727,24,2023-06-05,CUST988,Female,34,Electronics,3,501,36
728,266,2023-06-04,CUST559,Female,31,Clothing,1,33,45
729,819,2023-04-09,CUST819,Male,49,Clothing,1,41,69
730,392,2023-07-28,CUST805,Female,21,Beauty,1,42,37
731,518,2023-07-16,CUST019,Female,27,Clothing,1,37,508
732,837,2023-05-18,CUST562,Male,40,Electronics,1,294,433
733,94,2023-07-24,CUST696,Female,57,Clothing,3,23,882
734,471,2023-08-01,CUST960,Male,33,Electronics,2,38,53
735,388,2023-07-17,CUST010,Female,16,Beauty,2,42,8
736,471,2023-03-28,CUST265,Female,20,Clothing,4,37,1039
737,512,2023-09-18,CUST345,Female,33,Clothing,2,63,40
738,944,2023-10-17,CUST836,Female,34,Beauty,2,479,992
739,563,2023-01-07,CUST265,Male,57,Clothing,3,38,-22
740,559,2023-02-22,CUST549,Male,45,Clothing,4,32,888
741,724,2023-05-15,CUST999,Male,33,Electronics,3,33,1494
742,835,2023-11-23,CUST529,Male,41,Beauty,2,50,1096
743,115,2023-07-14,CUST760,Female,41,Electronics,3,32,-15
744,350,2023-04-04,CUST328,Female,41,Electronics,4,29,481
745,661,2023-04-15,CUST889,Female,20,Beauty,1,470,16
746,387,2023-08-24,CUST204,Male,24,Electronics,2,56,47
747,483,2023-09-25,CUST743,Female,22,Electronics,2,31,20
748,388,2023-05-16,CUST700,Female,33,Clothing,3,41,215
749,109,2023-07-24,CUST840,Female,53,Clothing,3,21,85
750,963,2023-02-04,CUST510,Male,62,Electronics,2,49,68
751,622,2023-08-28,CUST596,Male,43,Clothing,2,301,1283
752,171,2023-03-17,CUST698,Female,30,Clothing,1,52,491
753,303,2023-09-18,CUST408,Male,37,Clothing,2,48,-7
754,166,2023-02-27,CUST674,Male,22,Beauty,4,520,164
755,359,2023-01-17,CUST360,Male,22,Beauty,4,19,1027
756,895,2023-07-14,CUST700,Female,16,Beauty,1,303,1069
757,463,2023-04-28,CUST078,Male,39,Beauty,1,36,51
758,774,2023-08-10,CUST288,Male,21,Beauty,4,309,89
759,736,2023-08-14,CUST802,Female,40,Clothing,2,503,66
760,953,2023-04-12,CUST288,Male,40,Beauty,1,26,361
761,618,2023-11-09,CUST016,Male,21,Electronics,1,310,22
762,251,2023-08-20,CUST732,Male,29,Beauty,2,478,17
763,436,2023-06-03,CUST202,Female,34,Beauty,4,59,80
764,352,2023-11-16,CUST803,Female,45,Clothing,3,310,126
765,851,2023-12-14,CUST566,Male,65,Electronics,4,43,60
766,120,2023-11-07,CUST966,Male,14,Clothing,1,42,83
767,816,2023-10-26,CUST955,Female,44,Clothing,2,49,100
768,626,2023-05-04,CUST560,Female,55,Electronics,1,46,84
769,994,2023-06-30,CUST657,Male,37,Beauty,1,19,1479
770,707,2023-07-27,CUST727,Male,28,Electronics,1,24,82
771,299,2023-06-04,CUST657,Male,52,Beauty,3,37,2
772,694,2023-07-24,CUST507,Male,45,Electronics,4,35,510
773,570,2023-04-06,CUST358,Male,44,Electronics,3,44,21
774,760,2023-10-29,CUST654,Male,49,Beauty,3,25,-1
775,766,2023-06-10,CUST035,Female,59,Clothing,1,22,396
776,185,2023-03-20,CUST476,Female,31,Electronics,3,47,1707
777,699,2023-02-19,CUST571,Male,22,Clothing,2,293,338
778,679,2023-09-08,CUST318,Male,41,Electronics,1,25,39
779,388,2023-02-02,CUST162,Male,44,Beauty,2,488,63
780,635,2023-03-24,CUST914,Female,19,Electronics,3,31,1361
781,605,2023-07-28,CUST241,Female,29,Clothing,1,22,8
782,462,2023-04-18,CUST601,Male,34,Beauty,2,22,20
783,350,2023-03-22,CUST055,Female,57,Electronics,3,41,493
784,431,2023-06-19,CUST307,Male,47,Electronics,4,511,-5
785,142,2023-01-11,CUST288,Male,39,Clothing,1,45,1902
786,408,2023-04-09,CUST213,Male,60,Electronics,2,37,17
787,414,2023-05-24,CUST504,Female,23,Electronics,2,30,131
788,137,2023-11-04,CUST416,Female,52,Electronics,4,37,39
789,69,2023-05-28,CUST775,Female,33,Beauty,1,507,884
790,714,2023-11-03,CUST020,Male,45,Clothing,3,45,1008
791,650,2023-09-03,CUST616,Female,41,Beauty,1,54,291
792,645,2023-08-12,CUST935,Male,51,Electronics,1,495,118
793,220,2023-06-22,CUST132,Male,31,Beauty,2,23,478
794,838,2023-02-07,CUST535,Female,26,Beauty,3,33,78
795,886,2023-10-25,CUST091,Male,38,Clothing,1,38,886
796,128,2023-10-04,CUST437,Male,46,Electronics,4,36,47
797,554,2023-02-02,CUST531,Male,34,Beauty,3,43,-29
798,540,2023-01-24,CUST793,Male,24,Beauty,1,32,11
799,694,2023-03-17,CUST439,Male,26,Electronics,1,33,54
800,309,2023-05-08,CUST001,Female,19,Clothing,1,48,66
801,667,2023-09-18,CUST506,Male,59,Electronics,1,15,82
802,527,2023-11-14,CUST140,Male,53,Electronics,3,15,31
803,48,2023-04-29,CUST819,Male,48,Clothing,3,33,74
804,51,2023-12-02,CUST402,Male,22,Electronics,1,291,97
805,692,2023-06-27,CUST356,Female,40,Beauty,3,484,38
806,835,2023-10-21,CUST494,Male,55,Beauty,4,54,134
807,994,2023-05-19,CUST685,Female,37,Clothing,1,31,1504
808,868,2023-03-21,CUST370,Female,40,Beauty,3,52,442
809,201,2023-03-28,CUST202,Female,46,Beauty,2,45,-5
810,179,2023-01-08,CUST499,Male,38,Clothing,4,281,25
811,707,2023-06-18,CUST886,Male,22,Electronics,1,38,29
812,781,2023-10-11,CUST124,Male,44,Beauty,4,46,-5
813,773,2023-06-02,CUST397,Female,40,Clothing,2,24,1411
814,792,2023-07-13,CUST152,Female,31,Clothing,1,45,443
815,441,2023-04-23,CUST962,Male,34,Beauty,3,65,43
816,851,2023-06-03,CUST474,Male,39,Beauty,1,306,73
817,700,2023-06-03,CUST241,Female,18,Beauty,4,20,24
818,513,2023-09-25,CUST616,Female,51,Clothing,3,32,1188
819,179,2023-03-20,CUST230,Female,28,Beauty,1,33,771
820,375,2023-10-06,CUST909,Female,61,Electronics,3,31,88
821,141,2023-01-05,CUST305,Female,27,Clothing,4,35,10
822,928,2023-05-28,CUST445,Male,55,Beauty,2,34,686
823,840,2023-07-16,CUST655,Male,58,Clothing,1,300,16
824,198,2023-01-17,CUST983,Female,43,Electronics,4,292,991
825,969,2023-02-12,CUST180,Female,17,Beauty,2,29,173
826,218,2023-05-16,CUST736,Female,26,Clothing,1,28,308
827,454,2023-01-23,CUST182,Male,22,Beauty,1,497,92
828,171,2023-01-04,CUST311,Female,54,Clothing,2,29,-14
829,681,2023-03-01,CUST097,Female,16,Electronics,4,315,857
830,685,2023-02-07,CUST232,Male,34,Electronics,1,39,90
831,245,2023-07-03,CUST705,Female,22,Beauty,4,331,797
832,557,2023-02-08,CUST110,Female,20,Electronics,1,33,8
833,463,2023-03-20,CUST697,Female,46,Beauty,4,301,1808
834,630,2023-02-01,CUST234,Female,58,Clothing,2,285,-34
835,116,2023-07-22,CUST284,Male,59,Beauty,3,34,457
836,790,2023-01-31,CUST272,Male,32,Electronics,2,33,84
837,984,2023-10-24,CUST555,Female,22,Beauty,2,30,-12
838,73,2023-08-21,CUST134,Male,36,Clothing,2,536,69
839,862,2023-04-09,CUST816,Male,51,Electronics,3,25,1250
840,925,2023-02-17,CUST672,Female,30,Clothing,1,498,1190
841,992,2023-05-18,CUST878,Female,49,Beauty,4,515,66
842,589,2023-09-17,CUST287,Female,29,Clothing,1,297,119
843,432,2023-02-08,CUST172,Female,38,Clothing,4,293,1336
844,462,2023-05-26,CUST676,Female,28,Clothing,1,42,103
845,827,2023-11-09,CUST033,Male,45,Beauty,1,300,871
846,704,2023-12-29,CUST285,Male,44,Electronics,3,23,11
847,200,2023-12-08,CUST085,Female,58,Clothing,3,46,23
848,437,2023-06-04,CUST268,Male,43,Beauty,2,521,15
849,17,2023-11-09,CUST354,Male,59,Electronics,1,29,477
850,534,2024-01-01,CUST647,Female,40,Clothing,4,25,840
851,396,2023-01-02,CUST744,Male,61,Beauty,1,30,35
852,156,2023-12-21,CUST937,Male,38,Clothing,1,10,3
853,841,2023-12-08,CUST039,Male,26,Electronics,4,29,61
854,138,2023-02-21,CUST753,Female,21,Electronics,1,51,1081
855,672,2023-04-28,CUST531,Female,48,Electronics,4,30,372
856,544,2024-01-01,CUST537,Female,63,Beauty,4,29,236
857,949,2023-09-01,CUST424,Male,27,Clothing,3,303,72
858,870,2023-11-21,CUST470,Female,32,Clothing,2,54,533
859,431,2023-05-21,CUST727,Male,51,Clothing,1,43,451
860,521,2023-11-26,CUST014,Male,57,Clothing,4,20,387
861,344,2023-12-08,CUST761,Female,20,Beauty,1,25,79
862,262,2023-05-09,CUST621,Male,23,Clothing,4,40,383
863,207,2023-12-22,CUST478,Male,34,Clothing,1,30,111
864,273,2023-12-28,CUST751,Female,56,Beauty,4,33,-13
865,427,2023-10-04,CUST916,Female,53,Beauty,2,39,30
866,334,2023-02-23,CUST902,Female,21,Electronics,3,47,500
867,1,2023-03-30,CUST251,Female,27,Clothing,2,477,119
868,11,2023-03-17,CUST655,Female,48,Beauty,2,504,22
869,255,2023-12-19,CUST067,Male,49,Clothing,4,52,-22
870,882,2023-04-06,CUST246,Female,45,Clothing,4,21,439
871,825,2023-05-06,CUST648,Female,36,Clothing,1,37,90
872,731,2023-08-12,CUST328,Male,36,Electronics,2,39,-13
873,866,2023-11-06,CUST143,Male,21,Electronics,4,43,67
874,962,2023-01-11,CUST686,Female,50,Clothing,1,47,421
875,964,2023-02-01,CUST043,Male,53,Electronics,1,14,167
876,552,2023-05-28,CUST125,Female,60,Clothing,3,50,148
877,616,2023-12-02,CUST982,Male,33,Beauty,1,59,20
878,112,2023-08-06,CUST996,Female,22,Electronics,3,22,-3
879,225,2023-11-25,CUST306,Male,31,Electronics,3,487,30
880,533,2023-08-02,CUST501,Female,59,Clothing,1,33,72
881,853,2023-05-22,CUST320,Female,20,Beauty,4,38,10
882,499,2023-09-06,CUST582,Male,41,Beauty,4,60,0
883,436,2023-02-16,CUST833,Female,29,Clothing,3,38,576
884,56,2023-01-02,CUST357,Male,53,Beauty,2,25,62
885,540,2023-08-22,CUST927,Female,39,Beauty,3,317,44
886,268,2023-12-16,CUST812,Female,20,Electronics,2,47,402
887,536,2023-10-12,CUST111,Male,20,Electronics,4,293,405
888,701,2023-09-01,CUST363,Female,20,Beauty,4,17,87
889,92,2023-08-07,CUST119,Male,40,Electronics,3,29,168
890,728,2023-01-15,CUST854,Female,47,Electronics,1,50,-44
891,33,2023-11-10,CUST341,Male,19,Clothing,2,27,22
892,802,2023-09-29,CUST530,Female,24,Beauty,2,503,72
893,561,2023-08-18,CUST222,Male,52,Clothing,1,43,80
894,858,2023-08-11,CUST252,Female,52,Beauty,1,57,1218
895,100,2023-10-22,CUST400,Male,27,Beauty,1,37,463
896,578,2023-11-15,CUST481,Female,32,Electronics,3,289,79
897,409,2023-12-24,CUST297,Female,22,Electronics,4,47,1
898,757,2023-01-06,CUST595,Female,21,Electronics,4,24,100
899,672,2023-08-07,CUST550,Male,44,Clothing,1,42,948
900,386,2023-03-29,CUST150,Male,26,Electronics,1,38,804
901,772,2023-03-28,CUST435,Male,18,Beauty,2,499,30
902,616,2023-10-04,CUST041,Male,22,Clothing,1,502,367
903,752,2023-03-12,CUST291,Male,43,Clothing,1,483,22
904,746,2023-08-28,CUST748,Male,56,Electronics,1,44,1481
905,465,2023-05-08,CUST397,Male,54,Electronics,2,278,111
906,534,2023-10-15,CUST417,Male,47,Clothing,1,39,-31
907,840,2023-01-15,CUST186,Female,21,Clothing,4,38,1296
908,815,2023-05-26,CUST387,Female,37,Beauty,4,36,51
909,865,2023-08-28,CUST818,Male,59,Clothing,2,26,24
910,302,2023-05-29,CUST420,Male,49,Beauty,2,32,1266
911,422,2023-10-02,CUST974,Female,47,Electronics,3,37,1043
912,636,2023-09-05,CUST057,Male,59,Beauty,1,37,42
913,379,2023-04-19,CUST885,Male,47,Electronics,2,36,69
914,715,2023-03-13,CUST578,Female,41,Clothing,1,39,69
915,532,2023-07-08,CUST236,Male,23,Clothing,3,513,919
916,790,2023-01-01,CUST435,Male,21,Electronics,3,500,-6
917,39,2023-07-04,CUST645,Female,25,Electronics,3,292,1461
918,924,2023-03-12,CUST485,Female,42,Electronics,3,491,79
919,942,2023-07-30,CUST007,Male,27,Electronics,3,36,33
920,127,2023-02-25,CUST613,Female,56,Clothing,1,24,162
921,405,2023-06-28,CUST363,Male,32,Beauty,1,30,74
922,541,2023-11-22,CUST453,Female,40,Beauty,1,44,59
923,283,2023-03-21,CUST808,Female,24,Electronics,1,26,89
924,280,2023-12-17,CUST909,Female,22,Clothing,2,38,1561
925,221,2023-03-01,CUST065,Female,56,Beauty,1,53,871
926,966,2023-10-17,CUST799,Female,38,Clothing,3,36,820
927,922,2023-01-07,CUST396,Male,32,Beauty,2,49,-50
928,619,2023-04-15,CUST591,Female,17,Clothing,1,33,20
929,456,2023-02-16,CUST219,Male,21,Electronics,3,51,350
930,293,2023-01-08,CUST616,Female,40,Beauty,2,32,153
931,387,2023-05-25,CUST886,Female,21,Electronics,1,23,32
932,511,2023-10-05,CUST254,Male,56,Electronics,2,37,34
933,568,2023-09-04,CUST647,Male,46,Electronics,4,300,484
934,454,2023-11-14,CUST767,Female,21,Electronics,4,26,1386
935,296,2023-04-16,CUST987,Female,58,Electronics,3,42,48
936,177,2023-10-30,CUST154,Male,45,Clothing,4,33,514
937,167,2023-10-02,CUST357,Male,32,Electronics,3,47,-18
938,596,2023-07-08,CUST447,Male,48,Beauty,2,290,54
939,81,2023-05-02,CUST315,Male,47,Clothing,3,47,72
940,771,2023-11-24,CUST552,Female,15,Electronics,2,296,1325
941,540,2023-11-13,CUST982,Female,47,Electronics,2,41,83
942,374,2023-03-06,CUST387,Male,44,Electronics,1,50,962
943,650,2023-10-21,CUST084,Male,40,Beauty,2,40,49
944,697,2023-10-19,CUST807,Male,55,Electronics,3,486,97
945,48,2023-04-05,CUST632,Male,55,Clothing,2,319,47
946,652,2023-01-11,CUST920,Male,44,Clothing,3,42,77
947,188,2023-05-27,CUST497,Male,17,Beauty,2,13,983
948,42,2023-05-03,CUST435,Male,23,Beauty,4,39,-10
949,473,2023-04-28,CUST893,Male,35,Beauty,4,19,54
950,447,2023-12-02,CUST831,Female,20,Clothing,1,51,30
951,361,2023-10-26,CUST584,Female,23,Beauty,1,46,811
952,863,2023-04-22,CUST756,Male,58,Clothing,1,45,1038
953,592,2023-11-16,CUST136,Female,15,Clothing,3,40,77
954,248,2023-11-13,CUST586,Male,50,Electronics,4,19,139
955,267,2023-01-24,CUST674,Male,20,Clothing,1,26,36
956,616,2023-11-02,CUST035,Male,51,Electronics,3,31,85
957,367,2023-09-30,CUST653,Male,31,Electronics,3,308,0
958,64,2023-04-20,CUST665,Female,22,Electronics,1,43,89
959,657,2023-02-21,CUST270,Female,40,Beauty,3,23,427
960,689,2023-01-09,CUST434,Male,60,Clothing,2,36,11
961,773,2023-12-16,CUST935,Female,20,Clothing,2,56,98
962,845,2023-03-05,CUST694,Male,55,Clothing,1,312,216
963,968,2023-10-09,CUST774,Female,21,Electronics,2,30,65
964,624,2023-11-15,CUST682,Female,24,Electronics,1,43,485
965,58,2023-07-06,CUST769,Male,39,Clothing,4,25,46
966,943,2023-08-19,CUST512,Female,46,Beauty,1,27,113
967,781,2023-08-31,CUST104,Female,56,Electronics,4,17,106
968,734,2023-10-18,CUST677,Female,26,Beauty,1,21,111
969,959,2023-08-31,CUST582,Male,35,Clothing,4,38,51
970,32,2023-10-03,CUST239,Male,57,Clothing,2,35,63
971,469,2023-11-24,CUST825,Female,35,Electronics,4,27,1714
972,548,2023-05-09,CUST544,Female,53,Beauty,1,32,484
973,730,2023-03-26,CUST537,Male,30,Clothing,2,472,77
974,841,2023-01-11,CUST326,Male,38,Beauty,1,32,61
975,505,2023-06-01,CUST796,Female,40,Electronics,4,31,890
976,610,2023-08-08,CUST562,Male,42,Clothing,2,49,108
977,621,2023-01-13,CUST495,Male,43,Electronics,1,300,1545
978,88,2023-01-09,CUST276,Male,41,Beauty,2,34,73
979,970,2023-03-20,CUST984,Female,20,Clothing,2,488,417
980,958,2023-11-23,CUST407,Male,40,Clothing,2,29,117
981,948,2023-03-07,CUST472,Male,57,Electronics,2,30,20
982,233,2023-06-21,CUST233,Male,24,Beauty,2,29,1490
983,418,2023-02-05,CUST686,Male,47,Beauty,1,287,42
984,963,2023-12-24,CUST642,Male,22,Electronics,1,21,469
985,746,2023-09-14,CUST161,Female,35,Clothing,1,36,53
986,338,2023-03-05,CUST184,Female,23,Electronics,1,34,2
987,299,2023-02-09,CUST964,Female,49,Electronics,4,38,59
988,551,2023-10-06,CUST016,Male,36,Beauty,1,480,301
989,425,2023-02-16,CUST752,Female,31,Beauty,4,46,1191
990,520,2023-12-09,CUST761,Male,54,Beauty,2,43,227
991,646,2023-02-16,CUST105,Male,15,Clothing,4,26,887
992,887,2023-08-10,CUST401,Female,29,Beauty,4,17,1003
993,615,2023-04-15,CUST647,Female,21,Clothing,4,45,435
994,528,2023-07-30,CUST844,Male,61,Electronics,3,20,106
995,421,2023-12-15,CUST437,Male,19,Beauty,2,472,101
996,898,2023-03-31,CUST744,Male,38,Electronics,3,44,35
997,686,2023-06-01,CUST085,Male,34,Electronics,1,43,36
998,199,2023-07-14,CUST505,Female,25,Clothing,2,49,61
999,359,2023-04-13,CUST837,Male,54,Clothing,4,38,55
